{
    "coles_age_date": {
        "ROC-AUC": {
            "mean": 0.8588588880162382,
            "std": 0.0013268798136034739
        },
        "PR-AUC": {
            "mean": 0.6716231162124904,
            "std": 0.0038341809214933647
        },
        "Accuracy": {
            "mean": 0.6285,
            "std": 0.003798147696697155
        }
    },
    "coles_age": {
        "ROC-AUC": {
            "mean": 0.859210414073706,
            "std": 0.0010214248630130397
        },
        "PR-AUC": {
            "mean": 0.6739824626999689,
            "std": 0.0023981032345251193
        },
        "Accuracy": {
            "mean": 0.6320666666666667,
            "std": 0.004020932881131929
        }
    },
    "ts2vec_age": {
        "ROC-AUC": {
            "mean": 0.8180271939600081,
            "std": 0.0015916224254918549
        },
        "PR-AUC": {
            "mean": 0.6061905285540682,
            "std": 0.003405237915084855
        },
        "Accuracy": {
            "mean": 0.5730666666666667,
            "std": 0.003681116309484199
        }
    },
    "ts2vec_age_date": {
        "ROC-AUC": {
            "mean": 0.8130880041247979,
            "std": 0.0015742327935460373
        },
        "PR-AUC": {
            "mean": 0.5954836684644275,
            "std": 0.00267569191758981
        },
        "Accuracy": {
            "mean": 0.5590666666666667,
            "std": 0.004583383838105571
        }
    }
}