{
    "coles_churn_date": {
        "ROC-AUC": {
            "mean": 0.8113847976976467,
            "std": 0.006971272746405217
        },
        "PR-AUC": {
            "mean": 0.8711491208497874,
            "std": 0.005095505663364043
        },
        "Accuracy": {
            "mean": 0.7302483069977427,
            "std": 0.015207963078561116
        }
    },
    "coles_churn": {
        "ROC-AUC": {
            "mean": 0.7396521076688674,
            "std": 0.008776816168069317
        },
        "PR-AUC": {
            "mean": 0.8064663863094388,
            "std": 0.009386122665017078
        },
        "Accuracy": {
            "mean": 0.6988713318284425,
            "std": 0.010651821441195718
        }
    },
    "ts2vec_churn_date": {
        "ROC-AUC": {
            "mean": 0.7151113086168952,
            "std": 0.013857222021446364
        },
        "PR-AUC": {
            "mean": 0.8006358802346263,
            "std": 0.009052189724514763
        },
        "Accuracy": {
            "mean": 0.662076749435666,
            "std": 0.015495627053027655
        }
    },
    "ts2vec_churn": {
        "ROC-AUC": {
            "mean": 0.6792470797359067,
            "std": 0.007511821522238854
        },
        "PR-AUC": {
            "mean": 0.7574890050453217,
            "std": 0.008914431193470575
        },
        "Accuracy": {
            "mean": 0.6397291196388262,
            "std": 0.010651821441195721
        }
    }
}